Symbol,N_Datasets,Consistent_Direction,Combined_Z_Stouffer,Combined_P_Stouffer,Combined_P_Stouffer_BH
SLC7A2,3,TRUE,-7.02323819,2.17E-12,1.31E-09
MSL3,2,TRUE,-3.145946515,0.001655502773,0.02973204461
CROT,2,TRUE,3.424877613,0.0006150764292,0.01392889538
ST3GAL1,3,TRUE,-4.68012521,2.87E-06,0.0002062120662
ETV7,2,TRUE,6.357648653,2.05E-10,6.88E-08
TTC27,2,TRUE,-4.48040198,7.45E-06,0.000464879107
CYP24A1,2,TRUE,-3.165429936,0.001548539508,0.02824634241
SERPINB1,3,TRUE,3.522302299,0.0004278160016,0.01044019524
NRXN3,3,TRUE,-4.27976594,1.87E-05,0.0009786660537
NR1H3,2,TRUE,3.724773235,0.0001954908708,0.006056317147
FAS,2,TRUE,9.36196611,7.83E-21,1.98E-17
MIPEP,2,TRUE,-3.464469672,0.0005312780423,0.01234027291
ANK1,2,TRUE,3.127042464,0.001765744217,0.0313061009
IFT88,2,TRUE,3.253118982,0.001141456911,0.02261299379
SPATA7,2,TRUE,3.040948671,0.002358340309,0.03857459752
NOP16,2,TRUE,-4.212198947,2.53E-05,0.001231314881
CC2D2A,3,TRUE,-3.36695959,0.0007600182426,0.01641820978
RRM2B,2,TRUE,6.867166462,6.55E-12,3.60E-09
RRP12,2,TRUE,-3.012153119,0.002594017164,0.04125334583
MRTO4,2,TRUE,-3.609593344,0.0003066774032,0.008147855943
OPN3,3,TRUE,-6.348944953,2.17E-10,7.04E-08
CYFIP2,3,TRUE,7.076475187,1.48E-12,9.85E-10
MCOLN3,2,TRUE,4.085023833,4.41E-05,0.001829216899
HAGH,2,TRUE,4.853898658,1.21E-06,0.000106421415
SPA17,2,TRUE,4.786096123,1.70E-06,0.0001379965985
IPO5,3,TRUE,-3.837333499,0.0001243775091,0.00416727762
NTN1,3,TRUE,4.547341853,5.43E-06,0.0003600704438
ELOVL1,2,TRUE,-3.632842752,0.0002803158584,0.007705145493
FGFR2,4,TRUE,-4.75541636,1.98E-06,0.0001528634765
PFKP,2,TRUE,-4.471874224,7.75E-06,0.0004764763339
HEATR6,2,TRUE,-2.936254713,0.003322014254,0.04970848516
FTSJ1,3,TRUE,-3.019467946,0.002532190862,0.04067893924
HES2,3,TRUE,3.123205784,0.001788926224,0.0316272011
RPS6KA2,2,TRUE,-3.047133113,0.002310353726,0.03802641343
TRIP13,2,TRUE,-4.258270047,2.06E-05,0.001055847676
SLC6A15,4,TRUE,-3.678878533,0.0002342617999,0.006739818465
HMMR,2,TRUE,7.184491466,6.75E-13,5.02E-10
CA12,3,TRUE,-5.127205708,2.94E-07,3.15E-05
ENO1,3,TRUE,-3.263322643,0.001101140817,0.02195171906
GRAMD4,3,TRUE,3.65738972,0.0002547968269,0.007167717848
CACNG4,2,TRUE,-3.190334087,0.001421084108,0.02657238364
UNG,2,TRUE,-3.783207368,0.0001548203229,0.005038227424
SLC25A43,2,TRUE,-3.317112963,0.0009095283442,0.01906244919
SESN1,3,TRUE,3.323712095,0.0008882784817,0.01867936215
MOK,2,TRUE,-4.965919644,6.84E-07,6.61E-05
GEMIN5,2,TRUE,-6.161661392,7.20E-10,1.94E-07
CYLD,3,TRUE,3.479488402,0.0005023721129,0.01179875432
CD82,2,TRUE,3.897883235,9.70E-05,0.003393352741
ORC1,2,TRUE,-3.244295167,0.001177416667,0.02310839935
MGST2,2,TRUE,3.390724234,0.0006970820365,0.01532087328
NOP14,2,TRUE,-3.260036444,0.001113978991,0.02217273592
AURKA,2,TRUE,5.524166621,3.31E-08,5.30E-06
SMOX,2,TRUE,3.220554712,0.001279427687,0.02472713754
BIRC5,2,TRUE,3.070881036,0.002134281685,0.03583943674
ANKRD24,2,TRUE,3.027153323,0.00246868706,0.03993697979
YPEL3,2,TRUE,3.323705678,0.0008882989188,0.01867936215
G2E3,3,TRUE,3.893212217,9.89E-05,0.003449857898
COL9A3,2,TRUE,5.228063672,1.71E-07,2.05E-05
MFSD11,2,TRUE,4.098692519,4.15E-05,0.001747406993
CDC45,4,TRUE,-5.068254149,4.01E-07,4.27E-05
CDC6,3,TRUE,-3.91805062,8.93E-05,0.003201255356
TBC1D2,2,TRUE,-4.023824678,5.73E-05,0.002305026182
IFT74,2,TRUE,4.019822411,5.82E-05,0.002327833484
MMP11,3,TRUE,4.867276144,1.13E-06,0.0001001626819
BIK,2,TRUE,3.203330467,0.001358479973,0.02589909334
TTLL12,2,TRUE,-3.521586118,0.0004289733098,0.01044302525
CHADL,2,TRUE,3.836530154,0.0001247848807,0.004167946714
PYGL,2,TRUE,-6.25154485,4.06E-10,1.22E-07
PXMP4,2,TRUE,3.488694138,0.0004853862066,0.01144227931
PIGU,3,TRUE,-3.220805285,0.001278309656,0.02472713754
RBFA,2,TRUE,-4.843088697,1.28E-06,0.0001108409793
TBL1X,2,TRUE,-3.926589817,8.62E-05,0.003116238104
POLA1,2,TRUE,-6.156314064,7.45E-10,1.96E-07
SMARCA1,2,TRUE,4.723981025,2.31E-06,0.0001753097191
PORCN,2,TRUE,3.090863477,0.001995753725,0.03423339622
DHODH,2,TRUE,-4.519811114,6.19E-06,0.0004018085335
EEF2K,3,TRUE,-3.661287949,0.0002509505187,0.007092320187
MYEF2,2,TRUE,3.866016471,0.0001106274698,0.003767129617
SH2D4A,2,TRUE,-3.528531559,0.0004178721167,0.01027154005
TNFRSF10A,2,TRUE,8.801401464,1.35E-18,2.14E-15
FCGRT,2,TRUE,5.639227142,1.71E-08,3.05E-06
BBC3,4,TRUE,3.360331833,0.0007784890774,0.0167885745
LIG1,2,TRUE,-3.709185057,0.0002079274187,0.006281988529
CAV1,3,TRUE,-3.757197392,0.0001718269578,0.005458290044
HIBADH,2,TRUE,-3.119836046,0.001809517276,0.03185908094
POLD2,2,TRUE,-4.101483341,4.11E-05,0.001732215642
TGFBR1,2,TRUE,-3.477758455,0.0005056253355,0.01183125901
C5,2,TRUE,5.241592905,1.59E-07,1.92E-05
PHYH,2,TRUE,3.871829337,0.0001080215779,0.003736188948
CXCL12,4,TRUE,-4.478977371,7.50E-06,0.0004654136147
MTPAP,2,TRUE,-2.973527184,0.002943983281,0.0453932818
MTMR4,2,TRUE,-3.982410254,6.82E-05,0.002657217143
AREG,2,TRUE,12.50258321,7.23E-36,9.15E-32
SIAE,2,TRUE,3.175679157,0.001494861836,0.02755046827
LPXN,2,TRUE,5.023973813,5.06E-07,5.25E-05
TSPAN11,2,TRUE,3.70069493,0.0002150098402,0.006425219158
GLI1,2,TRUE,-3.450767653,0.000558994584,0.01281940659
CREBL2,3,TRUE,4.272231247,1.94E-05,0.00100815711
GAPDH,2,TRUE,-3.462497449,0.0005351869886,0.01240830053
NOP2,2,TRUE,-4.333242834,1.47E-05,0.0008051830339
NT5DC3,2,TRUE,-3.358922925,0.0007824688776,0.01684570327
SUDS3,2,TRUE,5.57001796,2.55E-08,4.30E-06
BACH2,2,TRUE,-4.335297164,1.46E-05,0.0008011679876
CUL9,2,TRUE,3.028600037,0.00245689719,0.03987418144
MAN2A1,3,TRUE,-3.192697707,0.001409504181,0.02651250137
SEMA5A,3,TRUE,-3.937164079,8.25E-05,0.003042953904
TMCO6,2,TRUE,-3.17009867,0.001523871809,0.0279170669
POLR3G,2,TRUE,-3.556731464,0.0003754976411,0.009479653296
TRIM23,2,TRUE,3.097069008,0.001954443701,0.03387166311
DPYSL3,3,TRUE,-4.808785981,1.52E-06,0.0001264648036
TBCCD1,2,TRUE,-4.401268844,1.08E-05,0.000611083084
CEP70,3,TRUE,2.958210025,0.003094312177,0.04713706119
KAT2B,2,TRUE,4.167052408,3.09E-05,0.001415255917
TP53I3,2,TRUE,5.557825391,2.73E-08,4.55E-06
CENPA,2,TRUE,4.944324216,7.64E-07,7.22E-05
FNDC4,2,TRUE,3.402377725,0.0006680224021,0.0147840832
PLCD4,2,TRUE,6.879938671,5.99E-12,3.45E-09
SLC1A4,2,TRUE,-3.147122753,0.001648857236,0.02969115754
PNO1,2,TRUE,-4.990522983,6.02E-07,6.15E-05
FBXO6,2,TRUE,2.996121619,0.002734373539,0.04278669299
OLFML3,3,TRUE,-6.202188063,5.57E-10,1.53E-07
PHTF1,3,TRUE,3.123407843,0.001787698396,0.0316272011
ST6GALNAC5,2,TRUE,-3.496807287,0.0004708618499,0.01122531103
CNN3,2,TRUE,-3.955893896,7.62E-05,0.002898606884
NEK2,3,TRUE,4.873654243,1.10E-06,9.77E-05
STX12,2,TRUE,3.044172737,0.002333211297,0.038308848
KLF7,2,TRUE,-3.202438112,0.001362695774,0.02594039971
ELOVL4,2,TRUE,3.184003769,0.001452531211,0.02687647693
MYB,2,TRUE,-4.708282891,2.50E-06,0.0001861367093
PMFBP1,2,TRUE,3.018419911,0.002540965543,0.04071656051
HEATR1,2,TRUE,-4.112282237,3.92E-05,0.001671110587
NPC2,2,TRUE,4.825496895,1.40E-06,0.0001181522126
YPEL5,2,TRUE,3.215194551,0.001303561419,0.02515515854
ELOVL3,2,TRUE,3.381335422,0.0007213442975,0.0157168631
IFIT3,2,TRUE,4.591426039,4.40E-06,0.0002980129322
IFIT2,2,TRUE,4.921926421,8.57E-07,7.80E-05
PLXDC2,2,TRUE,-4.940683692,7.78E-07,7.30E-05
ENOX1,2,TRUE,-4.111328598,3.93E-05,0.001671110587
FAM53C,3,TRUE,3.312162721,0.0009257768139,0.01918070161
UTP20,2,TRUE,-4.465248243,8.00E-06,0.0004844094523
TNFRSF10B,3,TRUE,4.773822655,1.81E-06,0.0001452762016
AKAP1,2,TRUE,-4.648720956,3.34E-06,0.0002310438379
ACVR2A,2,TRUE,-3.8254103,0.0001305544653,0.004326410932
CCDC18,2,TRUE,4.465933364,7.97E-06,0.0004844094523
BICC1,3,TRUE,-4.625394014,3.74E-06,0.0002558397286
CDKN2C,2,TRUE,3.080426261,0.002067045313,0.03512312297
NMI,2,TRUE,3.946594647,7.93E-05,0.002960137029
XPO5,2,TRUE,-3.90308157,9.50E-05,0.003349016948
CDKN1A,3,TRUE,10.56115137,4.51E-26,2.86E-22
CPNE5,2,TRUE,4.729646312,2.25E-06,0.0001715152032
HS3ST3B1,2,TRUE,-4.147272871,3.36E-05,0.001515741698
DDX31,3,TRUE,-3.866154536,0.0001105648941,0.003767129617
POLR1B,3,TRUE,-3.559447825,0.0003716353539,0.00940906389
BFSP1,2,TRUE,3.090990384,0.001994900945,0.03423339622
TRAP1,2,TRUE,-3.450077852,0.0005604249101,0.01282896734
TNFRSF19,2,TRUE,-4.2590033,2.05E-05,0.001055847676
PAICS,3,TRUE,-3.533323057,0.0004103706833,0.01016611053
TPST2,2,TRUE,-4.118067105,3.82E-05,0.00165634975
CLN6,2,TRUE,-3.598134896,0.0003205073799,0.008417640918
CDKN1C,4,TRUE,3.213639072,0.001310643095,0.02521494063
GDF15,4,TRUE,9.168249587,4.81E-20,1.01E-16
PGPEP1,4,TRUE,5.418947401,6.00E-08,8.72E-06
OSBPL2,3,TRUE,2.966428794,0.003012801164,0.04617318395
EIF2S3,2,TRUE,-2.971847995,0.002960131988,0.04553136189
DKC1,2,TRUE,-4.708157159,2.50E-06,0.0001861367093
MPP1,2,TRUE,3.174192298,0.00150254109,0.02764631927
RFTN1,2,TRUE,-4.452245834,8.50E-06,0.0005122482255
MGAT1,2,TRUE,-3.710076943,0.0002071962659,0.006274874475
THOC6,2,TRUE,-3.290741353,0.0009992374236,0.0202713887
GCH1,3,TRUE,4.326136847,1.52E-05,0.0008244495352
TRIM22,3,TRUE,5.370410653,7.86E-08,1.09E-05
RAP1GAP2,2,TRUE,-3.188314086,0.001431050011,0.02671926561
MYBBP1A,2,TRUE,-3.278733578,0.001042740296,0.02091925422
NIP7,2,TRUE,-4.089620659,4.32E-05,0.001799240564
DCAF8,3,TRUE,3.136711027,0.001708544329,0.0305355396
DPH2,3,TRUE,-4.846809077,1.25E-06,0.0001095335792
TRPC4,2,TRUE,-4.678284628,2.89E-06,0.0002068958383
SLC2A11,2,TRUE,3.686918259,0.0002269862275,0.006605560124
LRRIQ1,2,TRUE,3.693329431,0.0002213369898,0.006488766091
MICAL2,2,TRUE,-4.17560154,2.97E-05,0.001378113673
CCNB1,2,TRUE,3.630825601,0.000282516046,0.007724342604
FKBP11,2,TRUE,-5.303414076,1.14E-07,1.47E-05
DDB2,2,TRUE,3.32620301,0.0008803778273,0.01863662695
FHOD3,2,TRUE,-6.065312273,1.32E-09,3.09E-07
STT3A,2,TRUE,-4.699958232,2.60E-06,0.0001904079755
HILPDA,2,TRUE,-3.492047668,0.0004793326963,0.01138437636
AGAP2,2,TRUE,2.95172012,0.003160092194,0.04796595574
CDK4,2,TRUE,-5.248249854,1.54E-07,1.87E-05
PKIB,2,TRUE,-4.977594724,6.44E-07,6.37E-05
SMYD5,2,TRUE,-3.742285162,0.0001823544147,0.005699813669
MDM2,5,TRUE,6.26081416,3.83E-10,1.21E-07
URB2,2,TRUE,-5.039552646,4.67E-07,4.88E-05
KIAA1614,2,TRUE,3.166811555,0.001541201556,0.02815305988
CKAP2,3,TRUE,2.944988826,0.003229663262,0.04868317977
TBC1D4,2,TRUE,-4.202319186,2.64E-05,0.001266831475
SPRY2,2,TRUE,3.02702129,0.00246976563,0.03993697979
BZW2,2,TRUE,-3.851386716,0.0001174508587,0.003964827788
IMP4,3,TRUE,-5.361378553,8.26E-08,1.14E-05
ANGPTL2,6,TRUE,6.851392887,7.31E-12,3.86E-09
POLR1E,2,TRUE,-3.284916826,0.001020124812,0.02059610844
ALDH1B1,3,TRUE,-4.935782483,7.98E-07,7.38E-05
FOXF2,2,TRUE,-3.029339966,0.002450887136,0.03982770251
TCF19,5,TRUE,-5.182842484,2.19E-07,2.45E-05
FAM8A1,3,TRUE,3.99815378,6.38E-05,0.002502741765
MRPL15,2,TRUE,-3.619044865,0.0002956923763,0.007947281937
KIF23,2,TRUE,3.047468268,0.002307778902,0.03802641343
PAK6,2,TRUE,5.462569927,4.69E-08,7.16E-06
GCHFR,2,TRUE,3.385223397,0.0007112034737,0.01555963895
ADCY3,2,TRUE,-4.701690563,2.58E-06,0.0001898970018
KIF20B,2,TRUE,4.771920978,1.82E-06,0.0001452762016
GPR87,2,TRUE,9.130048382,6.85E-20,1.24E-16
HECW2,2,TRUE,-4.574022903,4.78E-06,0.000322163137
COX17,3,TRUE,4.254138302,2.10E-05,0.001071194231
APH1B,2,TRUE,3.987230941,6.68E-05,0.002611854415
HERC5,2,TRUE,4.023428191,5.74E-05,0.002305026182
EGF,2,TRUE,7.909809565,2.58E-15,2.97E-12
GABARAPL1,3,TRUE,3.020293297,0.002525300129,0.04067146862
PRICKLE1,2,TRUE,-3.699505909,0.0002160196109,0.006425219158
TMEM19,2,TRUE,5.960229115,2.52E-09,5.59E-07
PMM2,2,TRUE,-3.354115874,0.0007961901369,0.01705409635
TAF4B,2,TRUE,-3.53824454,0.0004027968307,0.01006030493
SAT2,2,TRUE,3.490546739,0.0004820332884,0.01140815018
SAMD1,3,TRUE,-3.700062148,0.0002155466749,0.006425219158
EVI5L,2,TRUE,3.701205709,0.0002145774262,0.006425219158
SLC44A3,2,TRUE,4.09493571,4.22E-05,0.001764261648
UCK2,2,TRUE,-4.486115605,7.25E-06,0.0004568160492
NUF2,2,TRUE,3.118426284,0.001818196184,0.0319674243
MRPL24,2,TRUE,-3.074367167,0.002109496377,0.03551079074
HHIPL2,2,TRUE,-3.541473833,0.0003978983227,0.009994037435
ETNK2,2,TRUE,3.580978281,0.0003423101118,0.008825465794
PPFIA4,2,TRUE,-4.424196726,9.68E-06,0.0005699598866
MEIS1,2,TRUE,-3.183660471,0.001454254811,0.02687647693
THNSL2,2,TRUE,4.487725301,7.20E-06,0.0004556459321
AFF3,2,TRUE,-3.141313363,0.001681919689,0.0301578206
AMMECR1L,2,TRUE,-3.622493386,0.0002917769232,0.007909216426
TMEFF2,2,TRUE,2.979205119,0.002889972458,0.04477865526
CDCA7,4,TRUE,-3.620145784,0.0002944370762,0.007930851241
PHOSPHO2,2,TRUE,3.642132894,0.0002703884156,0.007489818277
FAM171B,2,TRUE,3.166811555,0.001541201556,0.02815305988
ADAMTS16,2,TRUE,-3.089716524,0.00200347614,0.0343193565
SKP2,2,TRUE,-4.768163216,1.86E-06,0.0001452762016
SSBP2,3,TRUE,-3.150295527,0.001631053839,0.02945436598
GFOD1,3,TRUE,-4.007803008,6.13E-05,0.002424443978
DENND2A,3,TRUE,-3.28110742,0.001034003559,0.02080993808
DIAPH2,3,TRUE,-3.716252112,0.0002021998292,0.006152999131
SLC25A37,3,TRUE,-3.127205821,0.001764763339,0.0313061009
VLDLR,2,TRUE,-3.200507592,0.001371857553,0.02607559275
SIGMAR1,2,TRUE,-3.136423275,0.001710221785,0.0305355396
ASTN2,3,TRUE,4.097669971,4.17E-05,0.001749330074
PTGES,2,TRUE,4.312226668,1.62E-05,0.0008706085492
FADS1,3,TRUE,-3.643963986,0.0002684710022,0.007453014072
MPZL2,2,TRUE,3.595716889,0.0003234994717,0.008478633152
DHX37,2,TRUE,-3.701142727,0.000214630701,0.006425219158
CCDC122,2,TRUE,3.53384813,0.0004095563352,0.01016583068
ZNF385D,2,TRUE,-5.512929544,3.53E-08,5.58E-06
GFRA1,2,TRUE,-5.194815099,2.05E-07,2.32E-05
PDK1,3,TRUE,-3.677352025,0.0002356677059,0.006764892264
MERTK,2,TRUE,5.705801019,1.16E-08,2.26E-06
PID1,2,TRUE,-3.960629669,7.48E-05,0.002867546872
CABYR,2,TRUE,4.524365956,6.06E-06,0.0003952794306
CEP112,2,TRUE,3.34514019,0.000822409899,0.01752674564
NEIL2,2,TRUE,-3.3907099,0.0006971184935,0.01532087328
LY96,2,TRUE,3.472680086,0.0005152891788,0.01201297553
XPC,2,TRUE,4.082579876,4.45E-05,0.001842525572
VOPP1,2,TRUE,-3.722081264,0.0001975874067,0.006056317147
PPARGC1B,4,TRUE,-3.17162404,0.00151589115,0.02781111025
SFXN2,2,TRUE,-3.529993241,0.0004155702839,0.01023483312
PTDSS1,2,TRUE,-3.148657496,0.001640223113,0.02957775554
PDE6D,2,TRUE,4.768163216,1.86E-06,0.0001452762016
NMNAT2,2,TRUE,-2.952590775,0.003151194046,0.04794587191
MYO1E,3,TRUE,-5.216506974,1.82E-07,2.14E-05
FMNL2,2,TRUE,-4.653071342,3.27E-06,0.0002274634768
TNFRSF14,2,TRUE,6.068292804,1.29E-09,3.09E-07
GRHL3,2,TRUE,5.814069265,6.10E-09,1.31E-06
GART,4,TRUE,-3.898443066,9.68E-05,0.003393352741
ADIPOR1,2,TRUE,3.666453837,0.0002459372913,0.006980621387
BTG2,2,TRUE,6.604061173,4.00E-11,1.53E-08
HK2,3,TRUE,-4.451029646,8.55E-06,0.0005127167474
CCDC107,2,TRUE,-4.541024408,5.60E-06,0.0003690991846
SLC37A1,2,TRUE,4.011725696,6.03E-05,0.002399498046
LOC102724560,2,TRUE,-3.08892504,0.002008821172,0.03436441516
ST6GALNAC6,2,TRUE,-2.999804606,0.002701528485,0.04243008572
BRSK1,2,TRUE,4.080572852,4.49E-05,0.0018524548
FGFR4,2,TRUE,-3.722188373,0.0001975035869,0.006056317147
SQSTM1,2,TRUE,3.956821604,7.60E-05,0.00289607453
DMKN,2,TRUE,-3.252653143,0.001143329675,0.02261470368
GRIN2C,3,TRUE,3.014261719,0.002576054773,0.04106003045
FDXR,2,TRUE,6.781658036,1.19E-11,5.57E-09
IP6K3,2,TRUE,8.774011916,1.72E-18,2.43E-15
GMEB1,3,TRUE,-4.955002007,7.23E-07,6.94E-05
TMEM169,2,TRUE,3.399292996,0.0006756029956,0.01489975317
SERPINI1,2,TRUE,3.590328789,0.0003302611058,0.008620155338
TTC14,2,TRUE,3.532789619,0.0004111995537,0.01016674834
TMEM41A,2,TRUE,-3.936134697,8.28E-05,0.003042953904
PPM1M,2,TRUE,3.114988685,0.001839519659,0.03216364554
PRSS12,2,TRUE,-3.408053709,0.0006542801529,0.01458192334
CMBL,2,TRUE,3.413284351,0.0006418493371,0.0143808332
TP53INP1,2,TRUE,10.21473575,1.70E-24,7.19E-21
NFIL3,2,TRUE,-5.266335017,1.39E-07,1.73E-05
MID1IP1,2,TRUE,-3.248977237,0.001158207458,0.02283761404
NOL6,3,TRUE,-3.096298238,0.001959531652,0.03387166311
FAT3,2,TRUE,-4.043097482,5.27E-05,0.002140250489
PRAP1,2,TRUE,5.505374872,3.68E-08,5.76E-06
TCP11L2,2,TRUE,4.059200423,4.92E-05,0.002010781549
ADAMTS15,2,TRUE,-3.937334941,8.24E-05,0.003042953904
CLMP,3,TRUE,-3.402901503,0.0006667431215,0.0147840832
ILK,3,TRUE,-3.50640044,0.0004542113217,0.01091055241
RRAD,3,TRUE,5.768652071,7.99E-09,1.63E-06
BLCAP,2,TRUE,3.09934791,0.001939471256,0.03372495416
STX3,2,TRUE,4.106481548,4.02E-05,0.001700842653
SPINT2,2,TRUE,3.752462661,0.0001751059194,0.005527844972
TSR1,3,TRUE,-3.09260742,0.001984064121,0.03412536373
SPRYD3,2,TRUE,-3.743547264,0.0001814404539,0.005685648557
POLR3D,3,TRUE,-3.856655659,0.0001149489099,0.003901174935
TSPAN5,3,TRUE,-2.991173401,0.002779076372,0.04332552684
KLF13,3,TRUE,-3.096298238,0.001959531652,0.03387166311
RNF150,2,TRUE,-6.390189058,1.66E-10,5.83E-08
CDK1,2,TRUE,2.949389282,0.003184026362,0.04821362406
ARL6IP1,3,TRUE,5.165616223,2.40E-07,2.64E-05
ACYP2,5,TRUE,3.116865684,0.001827848295,0.03205784791
PPM1D,2,TRUE,2.974319892,0.002936387805,0.04533138199
KBTBD2,3,TRUE,3.308104473,0.000939297623,0.01930287112
RBKS,2,TRUE,3.018960188,0.002536438603,0.04069553393
CDC42BPG,3,TRUE,3.160258678,0.00157629123,0.02862879581
PGAM1,2,TRUE,-3.45337146,0.0005536260782,0.01276566944
CLCN5,2,TRUE,-3.606831481,0.0003099588192,0.00819258342
MCC,2,TRUE,-3.130231689,0.001746684814,0.03109885101
LRRC8D,2,TRUE,-3.965686811,7.32E-05,0.002815950562
COL8A2,2,TRUE,3.085648825,0.002031085505,0.03460499517
STARD5,2,TRUE,-4.111698878,3.93E-05,0.001671110587
ARNT2,2,TRUE,-3.698674064,0.0002167286974,0.006425219158
CARNS1,2,TRUE,4.789390026,1.67E-06,0.0001366265852
DHCR7,2,TRUE,-4.831107976,1.36E-06,0.000116133787
COQ2,2,TRUE,-3.967150389,7.27E-05,0.002814929776
RHOD,2,TRUE,5.771024704,7.88E-09,1.63E-06
ADCY5,2,TRUE,4.823327445,1.41E-06,0.0001183598978
TNFRSF10C,2,TRUE,3.376125603,0.0007351435031,0.01596257565
HAP1,2,TRUE,5.380033082,7.45E-08,1.05E-05
CCS,2,TRUE,3.560774009,0.000369763227,0.009380426234
CEP19,2,TRUE,4.125748735,3.70E-05,0.001624266395
CTSF,2,TRUE,3.549413077,0.0003860909077,0.009716749107
PHLDA3,2,TRUE,3.422483181,0.0006205193658,0.01402706188
EXO1,2,TRUE,-4.755798602,1.98E-06,0.0001528634765
UBE2C,2,TRUE,6.656624764,2.80E-11,1.14E-08
P2RY2,2,TRUE,3.512772541,0.0004434569361,0.01069280258
SFN,2,TRUE,3.586795312,0.0003347668973,0.008682244095
PUS1,3,TRUE,-3.93141182,8.44E-05,0.003072373124
TMEM187,2,TRUE,3.226894295,0.001251416814,0.02440937665
DNAJC22,3,TRUE,3.761044812,0.0001692051103,0.005450298961
KLHL11,2,TRUE,2.973044152,0.002948620332,0.04540947054
CTNNBIP1,2,TRUE,3.670924903,0.0002416743462,0.006921618887
APOLD1,2,TRUE,8.244628211,1.66E-16,2.10E-13
TMTC2,2,TRUE,-3.096032784,0.001961286757,0.03387166311
FUCA1,2,TRUE,6.215096592,5.13E-10,1.48E-07
LACC1,2,TRUE,3.628200425,0.0002854036664,0.007769731211
BBS10,3,TRUE,3.586315379,0.0003353833133,0.008682244095
DCTPP1,2,TRUE,-4.005980987,6.18E-05,0.002435600164
SLC26A11,2,TRUE,4.395608523,1.10E-05,0.0006214885902
DDN,2,TRUE,-4.12363801,3.73E-05,0.001633557821
AMIGO1,2,TRUE,4.794315749,1.63E-06,0.0001350230384
SIAH2,2,TRUE,-6.432582022,1.25E-10,4.67E-08
IDH2,2,TRUE,-3.223134829,0.001267958554,0.02468486791
KPNA2,2,TRUE,3.717450702,0.0002012432402,0.006138646211
CEP97,3,TRUE,2.938819642,0.00329464735,0.04941580665
MAFA,2,TRUE,3.101158116,0.001927653283,0.03356556109
PYCR1,3,TRUE,-3.354936709,0.0007938314451,0.01703239367
ARHGEF37,2,TRUE,3.161106355,0.00157171099,0.02858662273
CCBE1,2,TRUE,-6.084631118,1.17E-09,2.84E-07
ADAP2,3,TRUE,3.036290217,0.002395087103,0.03907140159
SCFD2,2,TRUE,-3.564976454,0.0003638888555,0.009249937794
SNN,3,TRUE,3.055590795,0.002246175823,0.03721772218
SNAI3,2,TRUE,3.632025573,0.0002812052467,0.007705145493
IFIT1,2,TRUE,4.24501384,2.19E-05,0.001093677204
TRIM69,3,TRUE,4.631893627,3.62E-06,0.0002492834469
THBS2,2,TRUE,-3.451168296,0.0005581653967,0.01281940659
INSIG1,2,TRUE,-3.00404545,0.002664155232,0.04205179685
SESTD1,2,TRUE,-3.186438893,0.001440359113,0.02677987768
TRPV2,2,TRUE,3.49801213,0.0004687398132,0.01120997595
SECISBP2,3,TRUE,-3.518834167,0.0004334475547,0.01051151838
EIF4EBP1,2,TRUE,-3.388489398,0.0007027874585,0.015418694
NBR1,2,TRUE,4.244058534,2.20E-05,0.001094021946
ADAT2,3,TRUE,-5.154843646,2.54E-07,2.75E-05
TDRD7,2,TRUE,2.946033567,0.003218774681,0.04868156354
RNF216P1,3,TRUE,-3.185348869,0.001445795984,0.02683626299
GREB1,3,TRUE,4.177729629,2.94E-05,0.001372562907
WDR5,2,TRUE,-4.129660947,3.63E-05,0.001608040913
SULF2,2,TRUE,5.674362023,1.39E-08,2.67E-06
ERI2,2,TRUE,2.982044752,0.002863301406,0.044474273
ZNF33B,2,TRUE,2.996236311,0.002733345228,0.04278669299
ADA,4,TRUE,3.935769185,8.29E-05,0.003042953904
LCE1C,2,TRUE,3.353575572,0.0007977462575,0.01705856398
ADARB1,2,TRUE,-3.240774623,0.001192053892,0.02335945854
AKR1B10,3,TRUE,4.056835354,4.97E-05,0.002024712262
ZNF789,2,TRUE,3.497674785,0.0004693330636,0.01120997595
MMP17,2,TRUE,-3.372166337,0.0007457939166,0.01616610478
ALPK2,2,TRUE,-3.578097195,0.0003461047542,0.00890516277
C1orf174,2,TRUE,-3.042132013,0.002349088463,0.03851957364
DAXX,2,TRUE,-3.208701297,0.001333359361,0.02561304423
TCEA3,4,TRUE,3.710567134,0.0002067954457,0.006274874475
NEU1,2,TRUE,6.681448179,2.37E-11,9.98E-09
ATP10A,3,TRUE,-3.321668509,0.0008948093256,0.01878506012
IFRD2,2,TRUE,-3.756260099,0.0001724714446,0.005458290044
HLA-F-AS1,2,TRUE,3.936991783,8.25E-05,0.003042953904
B3GALT4,3,TRUE,3.457132158,0.0005459570316,0.012634863
PLCXD2,2,TRUE,3.920856727,8.82E-05,0.003173191029
PEG10,2,TRUE,-3.078654924,0.002079373823,0.0351976284
MIR210HG,2,TRUE,-4.01084856,6.05E-05,0.002400880913
CLDN23,2,TRUE,3.569970078,0.0003570220072,0.00911396058
BOP1,2,TRUE,-3.27892924,0.001042017602,0.02091925422
MRM1,2,TRUE,-3.187382827,0.001435666145,0.02676597603
IL8,3,TRUE,-3.739940569,0.0001840637693,0.005739072057
DEPDC6,2,TRUE,3.308518507,0.0009379098584,0.01930287112