Symbol,N_Datasets,Consistent_Direction,Combined_P_Fisher
CDKN1A,3,TRUE,2.99E-81
TP53INP1,3,TRUE,1.30E-52
GDF15,4,TRUE,1.96E-50
MDM2,3,TRUE,1.67E-48
GPR87,3,TRUE,2.68E-43
CYFIP2,3,TRUE,4.09E-39
SCD,3,TRUE,1.20E-29
YPEL2,3,TRUE,4.49E-28
BTG2,3,TRUE,1.49E-27
NEU1,3,TRUE,2.33E-27
FDXR,3,TRUE,1.93E-26
ALDH1B1,3,TRUE,8.48E-24
FUCA1,3,TRUE,1.05E-23
TNFRSF10B,3,TRUE,1.70E-23
IFIT1,3,TRUE,9.55E-21
MXD4,3,TRUE,1.77E-20
IFIT2,3,TRUE,2.56E-20
HK2,3,TRUE,3.92E-20
TP53I3,3,TRUE,1.38E-17
ANKRA2,3,TRUE,2.65E-17
KIAA0513,3,TRUE,4.09E-17
PTMA,3,TRUE,8.47E-17
IFIT3,3,TRUE,2.16E-16
AKAP1,3,TRUE,3.67E-16
SKP2,3,TRUE,5.38E-16
ISG15,3,TRUE,6.98E-16
EXO1,3,TRUE,8.24E-16
DHCR7,3,TRUE,9.86E-16
HEATR1,3,TRUE,3.40E-15
SESN1,3,TRUE,3.74E-15
TRIP13,3,TRUE,9.36E-15
STX3,3,TRUE,1.37E-14
DUT,3,TRUE,8.19E-14
XPC,3,TRUE,1.23E-13
TBC1D4,3,TRUE,1.62E-13
FGFR4,3,TRUE,2.55E-13
PIGU,3,TRUE,3.23E-13
ZNF395,3,TRUE,3.89E-13
CYP51A1,3,TRUE,6.66E-13
PARP10,3,TRUE,6.89E-13
PARP9,3,TRUE,9.52E-13
RRM2,4,TRUE,1.03E-12
SIAE,3,TRUE,1.04E-12
TM7SF2,3,TRUE,1.16E-12
ACAD8,3,TRUE,1.52E-12
MTMR4,3,TRUE,1.72E-12
RPL27A,3,TRUE,2.03E-12
CDCA7,4,TRUE,2.40E-12
FBXO32,3,TRUE,3.06E-12
PREX1,3,TRUE,3.41E-12
PHLDA3,3,TRUE,5.10E-12
TSN,3,TRUE,7.73E-12
PIGW,3,TRUE,1.32E-11
CYB5D2,3,TRUE,1.60E-11
GABARAPL1,3,TRUE,1.91E-11
PTGES,3,TRUE,3.14E-11
HERC5,3,TRUE,4.95E-11
PCOLCE2,3,TRUE,5.22E-11
CROT,3,TRUE,5.45E-11
OPTN,3,TRUE,5.58E-11
SLC25A38,3,TRUE,6.24E-11
CALML4,3,TRUE,6.86E-11
RASD1,3,TRUE,7.24E-11
YPEL5,3,TRUE,7.85E-11
INSIG1,3,TRUE,7.90E-11
CCDC24,3,TRUE,9.10E-11
MRPL47,3,TRUE,9.39E-11
PPP2R3A,3,TRUE,1.01E-10
CFB,3,TRUE,1.70E-10
PPIL1,3,TRUE,2.76E-10
UNG,3,TRUE,3.17E-10
CYP1A1,3,TRUE,3.48E-10
SVIL,3,TRUE,4.02E-10
LIG1,3,TRUE,4.97E-10
NDRG4,3,TRUE,5.47E-10
PDGFRL,3,TRUE,5.98E-10
TFDP1,3,TRUE,7.11E-10
POLE,3,TRUE,8.33E-10
BECN1,3,TRUE,8.39E-10
ALDH1A3,3,TRUE,8.92E-10
DHFR,3,TRUE,1.03E-09
WSB2,3,TRUE,1.30E-09
TRIM5,3,TRUE,1.32E-09
SPATA7,3,TRUE,1.40E-09
TMEM97,3,TRUE,1.50E-09
PPP1R15B,3,TRUE,1.61E-09
SPSB2,3,TRUE,2.12E-09
PIGP,3,TRUE,2.27E-09
C19orf33,3,TRUE,2.38E-09
MCM4,3,TRUE,2.47E-09
ABAT,3,TRUE,2.86E-09
CLUAP1,3,TRUE,2.89E-09
MTHFD1,3,TRUE,2.92E-09
LSM6,3,TRUE,3.10E-09
NAP1L1,3,TRUE,3.27E-09
ZFYVE1,3,TRUE,3.36E-09
DHTKD1,3,TRUE,3.38E-09
ANGPTL2,3,TRUE,4.34E-09
TCF19,3,TRUE,4.50E-09
MX1,3,TRUE,4.58E-09
NUDT1,3,TRUE,5.26E-09
HLA-E,3,TRUE,5.88E-09
POLD4,3,TRUE,6.06E-09
CDC25A,4,TRUE,6.10E-09
EPB41L5,3,TRUE,6.40E-09
SERTAD4,3,TRUE,6.45E-09
UBE2H,3,TRUE,7.60E-09
UAP1,3,TRUE,8.17E-09
LRP10,3,TRUE,8.53E-09
GNPNAT1,3,TRUE,9.47E-09
IFI6,3,TRUE,9.67E-09
CSRP2,3,TRUE,1.06E-08
FZD1,3,TRUE,1.10E-08
RAD54L,3,TRUE,1.11E-08
PRICKLE2,3,TRUE,1.12E-08
CSNK1A1L,3,TRUE,1.32E-08
MVP,3,TRUE,1.42E-08
IFI27,3,TRUE,1.47E-08
BBS4,3,TRUE,1.65E-08
TCEAL1,3,TRUE,1.82E-08
MRPL11,3,TRUE,1.83E-08
YPEL3,3,TRUE,2.38E-08
GMNN,3,TRUE,2.56E-08
MCM10,3,TRUE,2.62E-08
DYNC1LI1,3,TRUE,2.62E-08
AGPAT2,3,TRUE,2.68E-08
MMP11,3,TRUE,2.85E-08
NPEPL1,3,TRUE,2.85E-08
STMN1,3,TRUE,3.15E-08
TMEM125,3,TRUE,3.37E-08
TSPAN15,3,TRUE,3.49E-08
SLC31A2,3,TRUE,3.68E-08
IMPA2,3,TRUE,4.59E-08
RBM39,3,TRUE,4.72E-08
DNMT1,3,TRUE,5.04E-08
RPSA,3,TRUE,5.37E-08
SMOX,3,TRUE,5.40E-08
ZMAT3,3,TRUE,5.96E-08
GNPTG,3,TRUE,6.44E-08
TM4SF1,3,TRUE,6.46E-08
TUBA1A,3,TRUE,6.56E-08
IFITM1,3,TRUE,8.01E-08
FH,3,TRUE,8.14E-08
SEMA3B,3,TRUE,8.59E-08
UTP18,3,TRUE,8.66E-08
ZNF394,3,TRUE,9.02E-08
WIPI1,3,TRUE,9.45E-08
MCM2,3,TRUE,1.01E-07
NINJ1,3,TRUE,1.01E-07
SAP30,3,TRUE,1.04E-07
IGSF9,3,TRUE,1.07E-07
U2AF2,3,TRUE,1.09E-07
SAT1,3,TRUE,1.10E-07
SLC1A5,3,TRUE,1.16E-07
PLK4,3,TRUE,1.17E-07
TRAK1,3,TRUE,1.23E-07
E2F8,4,TRUE,1.37E-07
GPR137B,3,TRUE,1.42E-07
HSD17B14,3,TRUE,1.48E-07
ADA,4,TRUE,1.73E-07
IFT20,3,TRUE,1.75E-07
KRT15,3,TRUE,1.81E-07
CLIC3,3,TRUE,2.00E-07
NFAT5,3,TRUE,2.16E-07
GINS2,4,TRUE,2.21E-07
TAF6L,3,TRUE,2.44E-07
AGPAT5,3,TRUE,2.47E-07
PPP1R15A,3,TRUE,2.65E-07
MBD3,3,TRUE,2.93E-07
GSN,3,TRUE,3.22E-07
AAAS,3,TRUE,3.22E-07
ATF3,3,TRUE,3.36E-07
FANCB,3,TRUE,3.47E-07
B2M,3,TRUE,3.73E-07
CHRNA5,3,TRUE,3.92E-07
ATP11C,3,TRUE,3.93E-07
KLF10,3,TRUE,4.21E-07
ABHD11,3,TRUE,4.24E-07
GLA,3,TRUE,4.29E-07
TIMELESS,3,TRUE,4.31E-07
HCFC1,3,TRUE,4.55E-07
GK,3,TRUE,4.56E-07
ACAT2,3,TRUE,4.57E-07
MCM5,3,TRUE,4.89E-07
RHOC,3,TRUE,5.07E-07
RPL41,3,TRUE,5.11E-07
DHCR24,3,TRUE,5.32E-07
DUSP4,3,TRUE,5.38E-07
RFC4,3,TRUE,5.40E-07
CDCA4,3,TRUE,5.80E-07
CARS2,3,TRUE,5.89E-07
PKMYT1,3,TRUE,6.53E-07
BLM,3,TRUE,6.83E-07
NUAK2,3,TRUE,8.24E-07
CD59,3,TRUE,8.38E-07
SIDT2,3,TRUE,8.64E-07
EIF4G1,3,TRUE,9.09E-07
SLC7A1,3,TRUE,9.68E-07
MCM7,3,TRUE,9.70E-07
COQ3,3,TRUE,1.00E-06
SIL1,3,TRUE,1.06E-06
ST8SIA4,3,TRUE,1.09E-06
RNASEH2B,3,TRUE,1.09E-06
ASF1B,3,TRUE,1.14E-06
DDIT3,3,TRUE,1.17E-06
THUMPD1,3,TRUE,1.20E-06
LYAR,3,TRUE,1.47E-06
CUEDC1,3,TRUE,1.59E-06
MCM3,3,TRUE,1.59E-06
AMD1,3,TRUE,1.63E-06
STEAP1,3,TRUE,1.77E-06
SUMO2,3,TRUE,1.98E-06
POLE2,3,TRUE,2.00E-06
SLC27A3,3,TRUE,2.04E-06
FBXO4,3,TRUE,2.12E-06
TYRP1,3,TRUE,2.24E-06
ENC1,3,TRUE,2.31E-06
PEX11A,3,TRUE,2.34E-06
NUP188,3,TRUE,2.43E-06
CTSD,3,TRUE,2.43E-06
GRN,3,TRUE,2.43E-06
MELK,3,TRUE,2.45E-06
KCNK6,3,TRUE,2.54E-06
GAD1,3,TRUE,2.57E-06
TGIF1,3,TRUE,3.28E-06
XRCC6,3,TRUE,3.33E-06
POLD1,3,TRUE,3.78E-06
IDUA,3,TRUE,4.07E-06
SLC43A2,3,TRUE,4.10E-06
DNAJC9,3,TRUE,4.24E-06
PLEKHO1,3,TRUE,4.88E-06
CRTAP,3,TRUE,4.89E-06
ZCCHC17,3,TRUE,5.04E-06
TGFB3,3,TRUE,5.10E-06
CDC45,3,TRUE,5.17E-06
PCSK1N,3,TRUE,5.23E-06
RFC5,3,TRUE,5.26E-06
TCHP,3,TRUE,5.30E-06
MC1R,3,TRUE,5.31E-06
HOMER1,3,TRUE,5.39E-06
MRPS33,3,TRUE,5.58E-06
PDSS1,3,TRUE,5.65E-06
FANCC,3,TRUE,6.15E-06
HLA-B,3,TRUE,6.18E-06
SCAND1,3,TRUE,6.66E-06
E2F1,3,TRUE,7.02E-06
SERINC1,3,TRUE,7.02E-06
DACH1,3,TRUE,7.32E-06
DTX3L,3,TRUE,8.17E-06
TOPBP1,3,TRUE,8.31E-06
SUV39H1,3,TRUE,8.51E-06
MATN2,3,TRUE,8.97E-06
SIVA1,3,TRUE,9.09E-06
NUDT8,3,TRUE,9.16E-06
RRAGD,3,TRUE,9.26E-06
SELENBP1,3,TRUE,9.54E-06